update,frames,fps,ep_return,ep_len,n_episodes,pg_loss,v_loss,entropy,approx_kl,clipfrac,enc_activity
1,2048,624,0.21206054588158926,35.416666666666664,24,-0.0057068634778261185,0.007802478037774563,1.9345810413360596,0.010986261069774628,0.112548828125,0.13769784569740295
2,4096,647,0.14616023923488372,62.61702127659574,47,-0.015927908942103386,0.0030409912578761578,1.9203931093215942,0.008052214980125427,0.0338134765625,0.14434367418289185
3,6144,681,0.16378906326634543,64.97142857142858,70,-0.005612440872937441,0.005650421138852835,1.9101111888885498,0.008591554127633572,0.0721435546875,0.15203934907913208
4,8192,666,0.16838353734040998,71.03092783505154,97,-0.005926555022597313,0.006537978537380695,1.91727876663208,0.011498440988361835,0.0986328125,0.14235030114650726
5,10240,669,0.14471874997019768,83.67,122,-0.006731252186000347,0.0037621366791427135,1.9128644466400146,0.007471791468560696,0.0045166015625,0.14165887236595154
6,12288,666,0.14958593711256982,90.56,122,-0.021724378690123558,0.0019529340788722038,1.8997904062271118,0.011619201861321926,0.039794921875,0.14666348695755005
7,14336,659,0.14691406175494193,82.08,131,-0.017631515860557556,0.0056054978631436825,1.8911774158477783,0.009324802085757256,0.0411376953125,0.1466999650001526
8,16384,656,0.13382031202316283,83.39,120,0.0003887070342898369,0.003386853961274028,1.8946571350097656,0.014252298511564732,0.0997314453125,0.14677506685256958
9,18432,653,0.13078125,80.01,129,-0.025065787136554718,0.001983113121241331,1.896630883216858,0.005548350512981415,0.0362548828125,0.15445996820926666
10,20480,648,0.14353906273841857,79.34,127,-0.01051531732082367,0.004725052509456873,1.8907790184020996,0.004103676415979862,0.0452880859375,0.15278394520282745
11,22528,645,0.12515625,78.85,120,-0.017098242416977882,0.00151689606718719,1.8923859596252441,0.008159316144883633,0.0413818359375,0.15649136900901794
12,24576,645,0.11696875005960465,83.84,123,-0.008932339027523994,0.0030007134191691875,1.9019004106521606,0.0043474286794662476,0.0250244140625,0.15734918415546417
13,26624,645,0.10547265574336052,81.31,121,-0.012162065133452415,0.0005946211167611182,1.8906546831130981,0.009796341881155968,0.06689453125,0.1576377898454666
14,28672,643,0.10266015514731407,93.74,119,-0.008848194032907486,0.0030201650224626064,1.8613754510879517,0.014826953411102295,0.093505859375,0.15241283178329468
15,30720,642,0.10007812395691872,93.6,123,-3.482215106487274e-05,0.004687205888330936,1.8662197589874268,0.007752374280244112,0.05859375,0.1581059992313385
16,32768,639,0.11568359330296517,90.41,126,-0.007544759660959244,0.008667737245559692,1.8763539791107178,0.0030982368625700474,0.0223388671875,0.16124308109283447
17,34816,639,0.14271484419703484,85.39,135,-0.012816391885280609,0.003938185982406139,1.847656011581421,0.014788297936320305,0.0377197265625,0.16033810377120972
18,36864,641,0.14700390711426736,74.46,129,-0.007771944627165794,0.008596457540988922,1.8506464958190918,0.006116323173046112,0.0936279296875,0.1527228057384491
19,38912,641,0.1338242195546627,68.58,124,0.0062210410833358765,0.00156187464017421,1.799780249595642,0.014217695221304893,0.1357421875,0.15293635427951813
20,40960,641,0.1312734366953373,66.21,138,-0.002593621611595154,0.005639496259391308,1.7856887578964233,0.01022250670939684,0.0802001953125,0.15165147185325623
21,43008,641,0.1580585929751396,62.58,132,-0.02164391800761223,0.004954501986503601,1.7976937294006348,0.014722220599651337,0.11474609375,0.15110740065574646
22,45056,639,0.19846093729138375,59.74,136,-0.003203139640390873,0.008556568995118141,1.7756941318511963,0.010174348950386047,0.08984375,0.15523304045200348
23,47104,640,0.16951953157782554,50.4,148,0.004119701683521271,0.004821846727281809,1.8046741485595703,0.011647832579910755,0.08984375,0.15246912837028503
24,49152,644,0.16828906252980233,54.74,134,-0.02139543741941452,0.011789504438638687,1.8333415985107422,0.011469224467873573,0.0821533203125,0.15334327518939972
25,51200,647,0.16307031244039535,52.79,132,-0.011248958297073841,0.00785425677895546,1.789892315864563,0.009679055772721767,0.07275390625,0.15885232388973236
26,53248,648,0.13127734392881393,65.71,126,-0.010692782700061798,0.002329467562958598,1.810081124305725,0.008375393226742744,0.1585693359375,0.1616804450750351
27,55296,648,0.13099609404802323,66.9,117,0.002631092444062233,0.0032336304429918528,1.7799338102340698,0.006557875778526068,0.0050048828125,0.1630324423313141
28,57344,646,0.12619921922683716,77.03,122,-0.006581755355000496,0.005250550340861082,1.7486307621002197,0.009497876279056072,0.016845703125,0.16035053133964539
29,59392,645,0.18440234556794166,76.62,143,-0.01764410361647606,0.013130812905728817,1.7367483377456665,0.01126611977815628,0.074462890625,0.16103726625442505
30,61440,645,0.1886367206275463,71.38,127,0.0015293573960661888,0.006178407929837704,1.767752766609192,0.009614759124815464,0.0611572265625,0.1581178605556488
31,63488,644,0.18311718866229057,60.9,140,-0.008750231936573982,0.00749751552939415,1.683830738067627,0.014978664927184582,0.055908203125,0.15944990515708923
32,65536,644,0.15419140547513963,58.38,131,-0.01611463353037834,0.006552747450768948,1.7226448059082031,0.013654050417244434,0.0428466796875,0.15214881300926208
33,67584,642,0.16668749809265138,59.07,132,-0.007988490164279938,0.00613231398165226,1.7285317182540894,0.010054653510451317,0.07861328125,0.15471293032169342
34,69632,642,0.20215234279632568,62.43,137,-0.009452134370803833,0.008301252499222755,1.7413880825042725,0.0029008928686380386,0.0330810546875,0.15202373266220093
35,71680,643,0.22127343773841857,57.65,136,0.0029863149393349886,0.011279091238975525,1.7715680599212646,0.012876057997345924,0.10009765625,0.14836403727531433
36,73728,642,0.24424218744039536,61.95,126,-0.007157943211495876,0.008772448636591434,1.769224762916565,0.004176942631602287,0.03076171875,0.15276256203651428
37,75776,643,0.22670312434434892,59.48,129,-0.0013498282060027122,0.002494563814252615,1.769269347190857,0.009855886921286583,0.05419921875,0.15584078431129456
38,77824,642,0.19939062416553496,68.29,128,0.0009587742388248444,0.0031148153357207775,1.7547061443328857,0.011143486015498638,0.0584716796875,0.15376858413219452
39,79872,643,0.18845703065395356,72.73,133,-0.006632030010223389,0.0076879654079675674,1.772641658782959,0.00843537226319313,0.0411376953125,0.15081043541431427
40,81920,643,0.1811289060115814,68.51,128,-0.01030922494828701,0.005756484344601631,1.7600326538085938,0.01134738139808178,0.0732421875,0.14671224355697632
41,83968,641,0.2130820307135582,62.72,149,-0.005299089476466179,0.011854991316795349,1.7646245956420898,0.005279860459268093,0.03076171875,0.14777961373329163
42,86016,642,0.1892031252384186,52.73,143,-0.0026962831616401672,0.016151469200849533,1.77876615524292,0.005204236134886742,0.028564453125,0.14657098054885864
43,88064,642,0.1573046875,45.46,136,-0.0008148886263370514,0.006423899903893471,1.7757537364959717,0.004994702525436878,0.0281982421875,0.1485021859407425
44,90112,642,0.13531640633940697,48.17,142,-0.0020540906116366386,0.008659006096422672,1.7355413436889648,0.009071096777915955,0.0465087890625,0.14648708701133728
45,92160,643,0.13612499997019767,52.57,135,-0.016349177807569504,0.0034672138281166553,1.7298781871795654,0.00660739466547966,0.0474853515625,0.14669236540794373
46,94208,643,0.1419804698228836,47.79,146,-0.007133581675589085,0.00688765337690711,1.715516209602356,0.012400920502841473,0.107177734375,0.14950627088546753
47,96256,644,0.23250390768051146,49.41,148,-0.013909936882555485,0.012864064425230026,1.7302029132843018,0.00902317464351654,0.0478515625,0.1519021987915039
48,98304,645,0.19561718821525573,47.51,139,0.004032935947179794,0.006646219175308943,1.7240281105041504,0.008882209658622742,0.0498046875,0.1500500738620758
49,100352,645,0.1732109373807907,47.2,131,-0.009617157280445099,0.0095111895352602,1.6989682912826538,0.010839479975402355,0.0743408203125,0.1470591425895691
50,102400,646,0.22709374964237214,48.71,148,-0.004291027784347534,0.012092472054064274,1.6825220584869385,0.0047302632592618465,0.0445556640625,0.15075825154781342
51,104448,646,0.2667070311307907,45.58,146,0.008443931117653847,0.007767975330352783,1.6978793144226074,0.009075606241822243,0.0465087890625,0.14820855855941772
52,106496,646,0.16533593744039535,42.59,155,-0.008524796925485134,0.003954433370381594,1.738284945487976,0.008256493136286736,0.0262451171875,0.15244802832603455
53,108544,646,0.16770703166723253,42.92,143,-0.013378705829381943,0.010190221481025219,1.7476797103881836,0.008077098987996578,0.0533447265625,0.14956894516944885
54,110592,645,0.20421093881130217,43.23,152,-0.005087209865450859,0.011555800214409828,1.7390708923339844,0.004670105874538422,0.0311279296875,0.1472833752632141
55,112640,644,0.20909765720367432,41.18,151,-0.001764930784702301,0.016188599169254303,1.7387213706970215,0.006601725704967976,0.028076171875,0.1480495035648346
56,114688,644,0.2834023442864418,36.25,162,-0.0036694686859846115,0.021033715456724167,1.7480202913284302,0.003279194701462984,0.0252685546875,0.14735905826091766
57,116736,644,0.28436718732118604,38.68,135,-0.010515893809497356,0.011107109487056732,1.755791187286377,0.0041748033836483955,0.0386962890625,0.1509871780872345
58,118784,643,0.19897265553474427,47.18,152,-0.006978754885494709,0.007023433689028025,1.7499094009399414,0.006290400866419077,0.0357666015625,0.14791962504386902
59,120832,643,0.18820312559604646,34.76,161,-0.005725083872675896,0.008651971817016602,1.7233394384384155,0.004166355822235346,0.0164794921875,0.14861367642879486
60,122880,643,0.2126484376192093,35.44,148,-0.0069281067699193954,0.013991336338222027,1.7061864137649536,0.00584182795137167,0.0267333984375,0.1477522850036621
61,124928,643,0.1871992179751396,37.55,166,-0.013486308045685291,0.013168963603675365,1.7305725812911987,0.004313759505748749,0.0596923828125,0.14406542479991913
62,126976,643,0.21575781255960463,36.62,138,-0.007264142856001854,0.01092211902141571,1.7318603992462158,0.003541244426742196,0.01318359375,0.14797793328762054
63,129024,642,0.2348984384536743,37.69,149,-0.006227041594684124,0.013734356500208378,1.729231595993042,0.003229886293411255,0.011962890625,0.1466047465801239
64,131072,642,0.2175351572036743,41.67,154,-0.017033139243721962,0.008517762646079063,1.6985565423965454,0.004500974901020527,0.0152587890625,0.14361794292926788
65,133120,643,0.17045312523841857,37.3,160,-0.00490189902484417,0.008910960517823696,1.6894701719284058,0.00404798099771142,0.0234375,0.14592409133911133
66,135168,643,0.2007499998807907,32.15,166,-0.003696009051054716,0.013591897673904896,1.6856918334960938,0.0037221694365143776,0.0244140625,0.1450027972459793
67,137216,643,0.22667187571525574,33.19,155,-0.0069130053743720055,0.0075414725579321384,1.6707253456115723,0.0033382729161530733,0.017333984375,0.1446332335472107
68,139264,645,0.2716796886920929,35.35,148,-0.0133083276450634,0.015965012833476067,1.6625168323516846,0.0026540227700024843,0.015625,0.1452716737985611
69,141312,645,0.27985156238079073,40.25,155,-0.010662037879228592,0.013823507353663445,1.6779139041900635,0.0021429487969726324,0.0106201171875,0.1480940729379654
70,143360,645,0.24649609327316285,37.21,162,-0.0050123101100325584,0.012339197099208832,1.6766232252120972,0.003042021533474326,0.01171875,0.1465834230184555
71,145408,646,0.2327187502384186,34.64,165,0.001356862485408783,0.017412466928362846,1.6864092350006104,0.003066151635721326,0.0120849609375,0.1463523805141449
72,147456,646,0.2416992199420929,34.67,151,-0.006171314045786858,0.014792448841035366,1.685064435005188,0.0014875826891511679,0.0052490234375,0.14922502636909485
73,149504,645,0.20338671982288362,36.95,139,0.0015947073698043823,0.0060423375107347965,1.668154001235962,0.0009599931072443724,0.002685546875,0.14698399603366852
