update,frames,fps,ep_return,ep_len,n_episodes,pg_loss,v_loss,entropy,approx_kl,clipfrac,enc_activity
1,2048,1827,0.08499644832177596,41.22727272727273,22,-0.023306377232074738,0.00286404462531209,1.9297752380371094,0.01694645918905735,0.0462646484375,0.09468097239732742
2,4096,1951,0.14234730059450323,62.45454545454545,44,-0.007112502120435238,0.006094047799706459,1.9168200492858887,0.008323831483721733,0.0947265625,0.09096245467662811
3,6144,1979,0.16820419487887867,64.32876712328768,73,0.004617953673005104,0.009628096595406532,1.8961690664291382,0.006730564869940281,0.037109375,0.09206517040729523
4,8192,2006,0.138726561665535,71.51,101,-0.005578337237238884,0.0011250159004703164,1.9270068407058716,0.0074893999844789505,0.034423828125,0.0817558765411377
5,10240,2036,0.1675312489271164,79.55,125,-0.005145569331943989,0.003409831551834941,1.9122982025146484,0.00582347996532917,0.1036376953125,0.08525799214839935
6,12288,2052,0.1635039046406746,82.58,124,-0.010346113704144955,0.0047745052725076675,1.9143500328063965,0.004904194734990597,0.028564453125,0.08050362765789032
7,14336,2048,0.13187109261751176,80.13,127,-0.0029436759650707245,0.001956733874976635,1.8666596412658691,0.013865666463971138,0.0518798828125,0.0894850492477417
8,16384,2068,0.14426171749830247,67.77,138,-0.009842347353696823,0.009991598315536976,1.8713518381118774,0.012522678822278976,0.036865234375,0.08990155160427094
9,18432,2085,0.1634023430943489,63.62,128,4.380475729703903e-05,0.00542199844494462,1.901383876800537,0.0059166355058550835,0.042236328125,0.08268312364816666
10,20480,2098,0.14505468666553498,67.68,118,-0.013911666348576546,0.0027987502980977297,1.9186527729034424,0.008763226680457592,0.033935546875,0.0961432084441185
11,22528,2087,0.13670703053474426,70.52,128,-0.004567758180201054,0.00495758606120944,1.9282392263412476,0.005389459431171417,0.0399169921875,0.10416382551193237
12,24576,2078,0.21079687565565108,81.66,126,-0.014658628962934017,0.010862655937671661,1.920409917831421,0.006845672614872456,0.056884765625,0.10261357575654984
13,26624,2068,0.23873828172683717,85.13,135,-0.002867812290787697,0.008547505363821983,1.918035626411438,0.006916772574186325,0.105224609375,0.10301777720451355
14,28672,2076,0.34759375125169756,60.51,145,-0.018962262198328972,0.008161384612321854,1.8925697803497314,0.009471003897488117,0.10009765625,0.10611064732074738
15,30720,2090,0.4104257822036743,50.8,133,-0.012390892952680588,0.010494483634829521,1.8797699213027954,0.006771480664610863,0.0692138671875,0.11632387340068817
16,32768,2088,0.4902460952103138,56.13,139,-0.009798666462302208,0.01354112010449171,1.8200229406356812,0.007272943388670683,0.141357421875,0.11676570773124695
17,34816,2089,0.5095976559817791,53.89,139,-0.022247314453125,0.009473235346376896,1.8498365879058838,0.005016043316572905,0.0594482421875,0.1151246726512909
18,36864,2093,0.5481093722581863,46.26,144,-0.025016210973262787,0.009395853616297245,1.7784874439239502,0.008753778412938118,0.0584716796875,0.1264500766992569
19,38912,2096,0.658828124254942,41.52,154,-0.021857505664229393,0.016295116394758224,1.706634759902954,0.013027449138462543,0.119873046875,0.13215461373329163
20,40960,2098,0.6384414063394069,30.05,172,-0.02671954035758972,0.018976788967847824,1.7124660015106201,0.01276769395917654,0.0946044921875,0.13661758601665497
21,43008,2101,0.6795468738675118,28.73,175,-0.032187569886446,0.01552780531346798,1.6851458549499512,0.010635278187692165,0.09619140625,0.14305371046066284
22,45056,2099,0.6964726537466049,24.42,176,-0.017711594700813293,0.016353929415345192,1.6733448505401611,0.01396423764526844,0.130859375,0.1556250900030136
23,47104,2099,0.7327656257152557,24.46,193,-0.001130988821387291,0.02108336240053177,1.5787960290908813,0.01703825034201145,0.0970458984375,0.15535971522331238
24,49152,2100,0.7981953144073486,20.11,206,-0.01923167146742344,0.0197056345641613,1.467711329460144,0.016947560012340546,0.1102294921875,0.17213952541351318
25,51200,2098,0.8710625028610229,15.77,223,-0.025523174554109573,0.01646552048623562,1.3631399869918823,0.011334632523357868,0.106689453125,0.18040573596954346
26,53248,2092,0.8566171860694886,14.83,245,0.0003336118534207344,0.018906299024820328,1.2934082746505737,0.010690701194107533,0.134765625,0.17836353182792664
27,55296,2093,0.8816601556539535,15.66,230,-0.018831882625818253,0.01261398196220398,1.2861051559448242,0.011220097541809082,0.113037109375,0.19016145169734955
28,57344,2096,0.8684453129768371,15.73,242,-0.006683217361569405,0.013635379262268543,1.233726978302002,0.01065111719071865,0.1240234375,0.1985798180103302
29,59392,2099,0.887882815003395,13.61,257,-0.006536133587360382,0.011433485895395279,1.1047085523605347,0.010028182528913021,0.082763671875,0.2075432687997818
30,61440,2091,0.9234023398160934,10.93,265,-0.012396667152643204,0.008116005919873714,1.0626784563064575,0.00953715294599533,0.1138916015625,0.21385034918785095
31,63488,2091,0.8596757805347442,13.66,243,-0.006898947525769472,0.011164875701069832,1.0678170919418335,0.014999134466052055,0.10107421875,0.2237635850906372
32,65536,2091,0.9347343719005585,16.13,227,-0.01577826589345932,0.006818430032581091,1.0287843942642212,0.018771225586533546,0.065673828125,0.22501978278160095
33,67584,2093,0.9225234353542328,13.51,228,-0.005138664040714502,0.009404392912983894,1.0891938209533691,0.009409629739820957,0.0830078125,0.21849015355110168
34,69632,2090,0.9105351588129997,17.83,226,-0.0005253814160823822,0.01092367060482502,0.9516409635543823,0.0065406085923314095,0.0748291015625,0.22251030802726746
35,71680,2089,0.9338398450613021,15.79,228,-0.022613417357206345,0.009571759030222893,0.8919011354446411,0.009133795276284218,0.0849609375,0.22550000250339508
36,73728,2091,0.9482500028610229,14.72,238,-0.01799074560403824,0.006160694174468517,0.927170991897583,0.006359579041600227,0.0838623046875,0.22234465181827545
37,75776,2089,0.9402382802963257,14.64,253,-0.008134718984365463,0.008264653384685516,0.9362029433250427,0.009183121845126152,0.07275390625,0.22449295222759247
38,77824,2083,0.9633671861886978,10.42,269,-0.015028232708573341,0.008756925351917744,0.8689907789230347,0.006899213418364525,0.08837890625,0.22544127702713013
39,79872,2078,0.9516093760728837,13.48,269,-0.020769741386175156,0.005745861679315567,0.7686905860900879,0.00730561837553978,0.0654296875,0.23456090688705444
40,81920,2075,0.9547031259536743,12.6,277,-0.006904121488332748,0.006527099758386612,0.7854858636856079,0.006865977309644222,0.0743408203125,0.23992666602134705
41,83968,2074,0.9680078107118607,9.1,291,-0.01905916817486286,0.004596782848238945,0.7594137191772461,0.008947714231908321,0.066162109375,0.242107093334198
42,86016,2073,0.9647382813692092,10.03,270,-0.016445431858301163,0.0035340117756277323,0.7753738164901733,0.007355441804975271,0.077392578125,0.24773111939430237
43,88064,2070,0.9440000015497207,13.71,259,-0.015072589740157127,0.00792008452117443,0.7681965231895447,0.0067320698872208595,0.0679931640625,0.2534480094909668
44,90112,2066,0.9479023438692092,12.1,240,-0.008172803558409214,0.006600586697459221,0.7137452363967896,0.0058619361370801926,0.0692138671875,0.26475995779037476
45,92160,2070,0.9475859361886978,14.34,261,0.004008299671113491,0.007591957226395607,0.7330955862998962,0.015553392469882965,0.0595703125,0.26630911231040955
46,94208,2069,0.9553867173194885,12.69,281,-0.012026805430650711,0.00691396277397871,0.6991139650344849,0.0032154417131096125,0.0574951171875,0.2689979672431946
47,96256,2067,0.9706093746423722,8.36,312,-0.01812041737139225,0.003304889425635338,0.626105546951294,0.007933657616376877,0.04833984375,0.27334797382354736
48,98304,2066,0.9510820299386978,11.24,282,-0.020115241408348083,0.005126414354890585,0.6818885207176208,0.012342862784862518,0.052490234375,0.25778311491012573
49,100352,2064,0.9501523423194885,11.17,289,-0.012500341050326824,0.005753574892878532,0.6853610277175903,0.005235620774328709,0.0618896484375,0.26345294713974
50,102400,2063,0.9583593732118607,10.04,290,-0.026571134105324745,0.006918391212821007,0.6400128602981567,0.008037766441702843,0.053466796875,0.2631261944770813
51,104448,2061,0.9594296872615814,11.54,264,-0.014904020354151726,0.002536412561312318,0.6158874034881592,0.00700627313926816,0.0540771484375,0.27207258343696594
52,106496,2060,0.9679023408889771,9.13,288,-0.013787920586764812,0.0052419095300138,0.5676872730255127,0.006653282325714827,0.0382080078125,0.2861904501914978
53,108544,2060,0.9697656244039535,8.6,332,-0.01097614411264658,0.0028110453858971596,0.4992746412754059,0.0031227802392095327,0.052978515625,0.2814486622810364
54,110592,2058,0.9680078107118607,9.1,329,0.001530335284769535,0.002171472180634737,0.502051591873169,0.008482647128403187,0.03955078125,0.2880825102329254
55,112640,2053,0.9711367177963257,8.21,332,-0.021226802840828896,0.002487563993781805,0.4933501183986664,0.004627550020813942,0.06787109375,0.28671127557754517
56,114688,2053,0.9691679680347443,8.77,319,-0.016306476667523384,0.0024953149259090424,0.47971871495246887,0.007869170047342777,0.06103515625,0.2801474332809448
57,116736,2051,0.9689570313692093,8.83,339,-0.023848213255405426,0.002469039522111416,0.4645969867706299,0.004803359508514404,0.0384521484375,0.28440165519714355
58,118784,2050,0.9585703128576278,8.95,340,-0.0006377771496772766,0.0022315019741654396,0.44472482800483704,0.003960861824452877,0.016357421875,0.2815071940422058
59,120832,2048,0.9732460927963257,7.61,323,-0.012986689805984497,0.0027345512062311172,0.512197732925415,0.002992445370182395,0.036865234375,0.2795339822769165
60,122880,2050,0.9709609359502792,8.26,364,-0.010538739152252674,0.0032519311644136906,0.40862518548965454,0.004025851376354694,0.02099609375,0.2946127653121948
61,124928,2050,0.9730703145265579,7.66,348,-0.018505048006772995,0.001335054636001587,0.39682382345199585,0.0031273714266717434,0.020263671875,0.2886594831943512
62,126976,2048,0.9617695313692093,8.11,327,-0.02094263955950737,0.0030040880665183067,0.5046781897544861,0.004678612574934959,0.0440673828125,0.2902727723121643
63,129024,2047,0.9608007800579071,11.15,318,-0.0036226618103682995,0.003367876634001732,0.442135214805603,0.0050590201281011105,0.0250244140625,0.2776937782764435
64,131072,2045,0.973351565003395,7.58,333,-0.007735356688499451,0.002645310712978244,0.5069667100906372,0.0016550065483897924,0.01953125,0.27419453859329224
65,133120,2046,0.9723320317268371,7.87,331,-0.0025599338114261627,0.0026222621090710163,0.4597133994102478,0.0025990332942456007,0.031982421875,0.28271758556365967
66,135168,2044,0.9623320317268371,10.43,324,-0.0028722677379846573,0.003569667460396886,0.42539092898368835,0.0015705476980656385,0.0177001953125,0.2842373847961426
67,137216,2046,0.9702578127384186,8.46,307,-0.008548907935619354,0.0026198772247880697,0.48606687784194946,0.0015784869901835918,0.0103759765625,0.2749640643596649
68,139264,2045,0.9724023461341857,7.85,328,-0.012867225334048271,0.004571888595819473,0.5201099514961243,0.002855543512851,0.0118408203125,0.27135151624679565
69,141312,2043,0.9708203119039536,8.3,325,-0.011466841213405132,0.0051579964347183704,0.46877917647361755,0.0017616429831832647,0.0068359375,0.2857719361782074
70,143360,2042,0.9625781255960465,10.36,322,-0.010674030520021915,0.004012349061667919,0.46041983366012573,0.0017044688574969769,0.0052490234375,0.28336870670318604
71,145408,2040,0.9729999989271164,7.68,324,-0.0034969598054885864,0.004317952319979668,0.46876901388168335,0.00042509473860263824,0.000244140625,0.276195764541626
72,147456,2039,0.9567070305347443,9.93,288,-0.012340286746621132,0.006094326265156269,0.48479413986206055,0.0015554146375507116,0.005126953125,0.2791345417499542
73,149504,2036,0.9635624992847442,10.08,314,-0.00348728708922863,0.004101993981748819,0.4251660704612732,0.00047568604350090027,0.0001220703125,0.28733134269714355
